user_query,chatbot_response,retrieved_contexts,relevant_contexts,faithfulness,answer_relevance
What is the best type of mango?,The Alphonso mango is often considered the best due to its sweetness and rich flavor.,"['Alphonso mango is known for its sweetness and rich flavor.', 'There are many types of mangoes, each with unique characteristics.']",['Alphonso mango is known for its sweetness and rich flavor.'],1.0,0.95
How many calories are in a cup of mango?,There are approximately 99 calories in a cup of sliced mango.,"['A cup of sliced mango contains about 99 calories.', 'Mangoes are a healthy fruit choice.']",['A cup of sliced mango contains about 99 calories.'],1.0,0.95
What are the health benefits of eating mangoes?,"Mangoes are rich in vitamins A and C, and they provide dietary fiber and antioxidants.","['Mangoes are rich in vitamins A and C.', 'Mangoes provide dietary fiber and antioxidants.']","['Mangoes are rich in vitamins A and C.', 'Mangoes provide dietary fiber and antioxidants.']",1.0,0.95
Where do mangoes grow best?,Mangoes grow best in tropical and subtropical climates.,"['Mangoes grow best in tropical and subtropical climates.', 'Regions like India, Mexico, and Thailand are known for mango production.']",['Mangoes grow best in tropical and subtropical climates.'],1.0,0.9
Which country produces the most mangoes?,India is the largest producer of mangoes in the world.,"['India is the largest producer of mangoes.', 'Mangoes are also widely produced in China, Thailand, and Indonesia.']",['India is the largest producer of mangoes.'],1.0,0.95
Can mangoes help with digestion?,"Yes, mangoes contain enzymes that aid in digestion.","['Mangoes contain digestive enzymes.', 'Eating mangoes can help improve digestion.']",['Mangoes contain digestive enzymes.'],1.0,0.9
Sample query 1,Sample response 1,"['Sample context 1a.', 'Sample context 1b.']",['Sample context 1a.'],0.806539776325813,0.9938246503717363
Sample query 2,Sample response 2,"['Sample context 2a.', 'Sample context 2b.']",['Sample context 2a.'],0.8758875407846457,0.9612071838266972
Sample query 3,Sample response 3,"['Sample context 3a.', 'Sample context 3b.']",['Sample context 3a.'],0.9507788581159502,0.9785105278687954
Sample query 4,Sample response 4,"['Sample context 4a.', 'Sample context 4b.']",['Sample context 4a.'],0.8663367550820201,0.9135560322005121
Sample query 5,Sample response 5,"['Sample context 5a.', 'Sample context 5b.']",['Sample context 5a.'],0.9285105520798538,0.8304336136783289
Sample query 6,Sample response 6,"['Sample context 6a.', 'Sample context 6b.']",['Sample context 6a.'],0.8287516694265601,0.8120741806209537
Sample query 7,Sample response 7,"['Sample context 7a.', 'Sample context 7b.']",['Sample context 7a.'],0.9571407123246458,0.8242711170912473
Sample query 8,Sample response 8,"['Sample context 8a.', 'Sample context 8b.']",['Sample context 8a.'],0.8162496189177294,0.8285103471388267
Sample query 9,Sample response 9,"['Sample context 9a.', 'Sample context 9b.']",['Sample context 9a.'],0.9287816958472859,0.8522264085594798
Sample query 10,Sample response 10,"['Sample context 10a.', 'Sample context 10b.']",['Sample context 10a.'],0.8438450392910033,0.98533568511461
Sample query 11,Sample response 11,"['Sample context 11a.', 'Sample context 11b.']",['Sample context 11a.'],0.9222853092286101,0.9292457768642803
Sample query 12,Sample response 12,"['Sample context 12a.', 'Sample context 12b.']",['Sample context 12a.'],0.9019307936080683,0.8953644737725878
Sample query 13,Sample response 13,"['Sample context 13a.', 'Sample context 13b.']",['Sample context 13a.'],0.9972790705073669,0.8090977934797705
Sample query 14,Sample response 14,"['Sample context 14a.', 'Sample context 14b.']",['Sample context 14a.'],0.8441739314331943,0.8565172199305177
Sample query 15,Sample response 15,"['Sample context 15a.', 'Sample context 15b.']",['Sample context 15a.'],0.9127518780250711,0.9740243489393698
Sample query 16,Sample response 16,"['Sample context 16a.', 'Sample context 16b.']",['Sample context 16a.'],0.8877801982140654,0.9000004273642841
Sample query 17,Sample response 17,"['Sample context 17a.', 'Sample context 17b.']",['Sample context 17a.'],0.9485102762441535,0.8566203055926749
Sample query 18,Sample response 18,"['Sample context 18a.', 'Sample context 18b.']",['Sample context 18a.'],0.8964163475586441,0.9411223729695655
Sample query 19,Sample response 19,"['Sample context 19a.', 'Sample context 19b.']",['Sample context 19a.'],0.9284891931179141,0.8027186230137267
Sample query 20,Sample response 20,"['Sample context 20a.', 'Sample context 20b.']",['Sample context 20a.'],0.8391747805162453,0.8196812946209028
Sample query 21,Sample response 21,"['Sample context 21a.', 'Sample context 21b.']",['Sample context 21a.'],0.8538114664047702,0.8668460635695923
Sample query 22,Sample response 22,"['Sample context 22a.', 'Sample context 22b.']",['Sample context 22a.'],0.8818059634134024,0.9275243481954825
Sample query 23,Sample response 23,"['Sample context 23a.', 'Sample context 23b.']",['Sample context 23a.'],0.9438174014047445,0.9984565819323646
Sample query 24,Sample response 24,"['Sample context 24a.', 'Sample context 24b.']",['Sample context 24a.'],0.9875431742056311,0.9458958757005631
Sample query 25,Sample response 25,"['Sample context 25a.', 'Sample context 25b.']",['Sample context 25a.'],0.8903189633430304,0.8459118807180607
Sample query 26,Sample response 26,"['Sample context 26a.', 'Sample context 26b.']",['Sample context 26a.'],0.9042043146290197,0.966349821609294
Sample query 27,Sample response 27,"['Sample context 27a.', 'Sample context 27b.']",['Sample context 27a.'],0.8049972207571696,0.8822746453193749
Sample query 28,Sample response 28,"['Sample context 28a.', 'Sample context 28b.']",['Sample context 28a.'],0.9341935042597173,0.9301498014571554
Sample query 29,Sample response 29,"['Sample context 29a.', 'Sample context 29b.']",['Sample context 29a.'],0.9480790751205106,0.8303494927687539
Sample query 30,Sample response 30,"['Sample context 30a.', 'Sample context 30b.']",['Sample context 30a.'],0.8600717029860522,0.901313355722013
Sample query 31,Sample response 31,"['Sample context 31a.', 'Sample context 31b.']",['Sample context 31a.'],0.9833136633974862,0.8422050008574656
Sample query 32,Sample response 32,"['Sample context 32a.', 'Sample context 32b.']",['Sample context 32a.'],0.8693328890570365,0.898899131667987
Sample query 33,Sample response 33,"['Sample context 33a.', 'Sample context 33b.']",['Sample context 33a.'],0.8822139887874069,0.9521642872838755
Sample query 34,Sample response 34,"['Sample context 34a.', 'Sample context 34b.']",['Sample context 34a.'],0.9721694877237782,0.9968369481106205
Sample query 35,Sample response 35,"['Sample context 35a.', 'Sample context 35b.']",['Sample context 35a.'],0.8485098339256028,0.8452417975252269
Sample query 36,Sample response 36,"['Sample context 36a.', 'Sample context 36b.']",['Sample context 36a.'],0.9707464667774255,0.9319598859461976
Sample query 37,Sample response 37,"['Sample context 37a.', 'Sample context 37b.']",['Sample context 37a.'],0.9784723910094402,0.8171249303367883
Sample query 38,Sample response 38,"['Sample context 38a.', 'Sample context 38b.']",['Sample context 38a.'],0.8661185975508432,0.9842190322331393
Sample query 39,Sample response 39,"['Sample context 39a.', 'Sample context 39b.']",['Sample context 39a.'],0.825996479792111,0.8269219651508596
Sample query 40,Sample response 40,"['Sample context 40a.', 'Sample context 40b.']",['Sample context 40a.'],0.8644337735417555,0.8293269117897041
Sample query 41,Sample response 41,"['Sample context 41a.', 'Sample context 41b.']",['Sample context 41a.'],0.9435788767681165,0.9022438990242383
Sample query 42,Sample response 42,"['Sample context 42a.', 'Sample context 42b.']",['Sample context 42a.'],0.8105710306180021,0.895648076370018
Sample query 43,Sample response 43,"['Sample context 43a.', 'Sample context 43b.']",['Sample context 43a.'],0.9511487202088882,0.9910995087297724
Sample query 44,Sample response 44,"['Sample context 44a.', 'Sample context 44b.']",['Sample context 44a.'],0.9608407472478401,0.8957989064608645
Sample query 45,Sample response 45,"['Sample context 45a.', 'Sample context 45b.']",['Sample context 45a.'],0.8472388067289534,0.8050056478578604
Sample query 46,Sample response 46,"['Sample context 46a.', 'Sample context 46b.']",['Sample context 46a.'],0.8239223843360667,0.9363577720607508
Sample query 47,Sample response 47,"['Sample context 47a.', 'Sample context 47b.']",['Sample context 47a.'],0.8527797472709303,0.9908132926060742
Sample query 48,Sample response 48,"['Sample context 48a.', 'Sample context 48b.']",['Sample context 48a.'],0.9654379455999021,0.9101695819683713
Sample query 49,Sample response 49,"['Sample context 49a.', 'Sample context 49b.']",['Sample context 49a.'],0.8766789534461094,0.8422848253437367
Sample query 50,Sample response 50,"['Sample context 50a.', 'Sample context 50b.']",['Sample context 50a.'],0.8136327798749903,0.951583108081846
Sample query 51,Sample response 51,"['Sample context 51a.', 'Sample context 51b.']",['Sample context 51a.'],0.8838508780241919,0.9248230826150013
Sample query 52,Sample response 52,"['Sample context 52a.', 'Sample context 52b.']",['Sample context 52a.'],0.9123713017547541,0.9923913483106045
Sample query 53,Sample response 53,"['Sample context 53a.', 'Sample context 53b.']",['Sample context 53a.'],0.9230502517241673,0.8873390081891276
Sample query 54,Sample response 54,"['Sample context 54a.', 'Sample context 54b.']",['Sample context 54a.'],0.9179527705774173,0.9867486891904604
Sample query 55,Sample response 55,"['Sample context 55a.', 'Sample context 55b.']",['Sample context 55a.'],0.9497769260335082,0.9915295620207676
Sample query 56,Sample response 56,"['Sample context 56a.', 'Sample context 56b.']",['Sample context 56a.'],0.912620956829275,0.8721840552030469
Sample query 57,Sample response 57,"['Sample context 57a.', 'Sample context 57b.']",['Sample context 57a.'],0.9430585807134032,0.9868368229481788
Sample query 58,Sample response 58,"['Sample context 58a.', 'Sample context 58b.']",['Sample context 58a.'],0.9956871297728497,0.952459287290194
Sample query 59,Sample response 59,"['Sample context 59a.', 'Sample context 59b.']",['Sample context 59a.'],0.9655396453314173,0.9359656701627376
Sample query 60,Sample response 60,"['Sample context 60a.', 'Sample context 60b.']",['Sample context 60a.'],0.9252518966854153,0.9862096186405848
Sample query 61,Sample response 61,"['Sample context 61a.', 'Sample context 61b.']",['Sample context 61a.'],0.9462619329258686,0.8358250626689154
Sample query 62,Sample response 62,"['Sample context 62a.', 'Sample context 62b.']",['Sample context 62a.'],0.8465298623860815,0.9629527922278345
Sample query 63,Sample response 63,"['Sample context 63a.', 'Sample context 63b.']",['Sample context 63a.'],0.8723639393866249,0.820421800281534
Sample query 64,Sample response 64,"['Sample context 64a.', 'Sample context 64b.']",['Sample context 64a.'],0.8036491118984995,0.9113637301299595
Sample query 65,Sample response 65,"['Sample context 65a.', 'Sample context 65b.']",['Sample context 65a.'],0.8207382467098382,0.8413479341230952
Sample query 66,Sample response 66,"['Sample context 66a.', 'Sample context 66b.']",['Sample context 66a.'],0.9596879067414188,0.9229983543110614
Sample query 67,Sample response 67,"['Sample context 67a.', 'Sample context 67b.']",['Sample context 67a.'],0.9631967256774404,0.8685019884190425
Sample query 68,Sample response 68,"['Sample context 68a.', 'Sample context 68b.']",['Sample context 68a.'],0.8929663723428991,0.9148713631867108
Sample query 69,Sample response 69,"['Sample context 69a.', 'Sample context 69b.']",['Sample context 69a.'],0.9729126239297723,0.8656779220197295
Sample query 70,Sample response 70,"['Sample context 70a.', 'Sample context 70b.']",['Sample context 70a.'],0.9148510138257993,0.9066377219855977
Sample query 71,Sample response 71,"['Sample context 71a.', 'Sample context 71b.']",['Sample context 71a.'],0.888298937480087,0.8580495155222011
Sample query 72,Sample response 72,"['Sample context 72a.', 'Sample context 72b.']",['Sample context 72a.'],0.92534298087524,0.9830961065785702
Sample query 73,Sample response 73,"['Sample context 73a.', 'Sample context 73b.']",['Sample context 73a.'],0.9873204047715527,0.9253514263786615
Sample query 74,Sample response 74,"['Sample context 74a.', 'Sample context 74b.']",['Sample context 74a.'],0.966627660924627,0.9749006563910959
Sample query 75,Sample response 75,"['Sample context 75a.', 'Sample context 75b.']",['Sample context 75a.'],0.8261957924896289,0.8259697572622758
Sample query 76,Sample response 76,"['Sample context 76a.', 'Sample context 76b.']",['Sample context 76a.'],0.9796623569859133,0.8719929342087287
Sample query 77,Sample response 77,"['Sample context 77a.', 'Sample context 77b.']",['Sample context 77a.'],0.8422964074975643,0.897960398215381
Sample query 78,Sample response 78,"['Sample context 78a.', 'Sample context 78b.']",['Sample context 78a.'],0.8628806434572852,0.9983893985310311
Sample query 79,Sample response 79,"['Sample context 79a.', 'Sample context 79b.']",['Sample context 79a.'],0.9892040240940554,0.8362516811202134
Sample query 80,Sample response 80,"['Sample context 80a.', 'Sample context 80b.']",['Sample context 80a.'],0.8121805622435678,0.8882501393979604
Sample query 81,Sample response 81,"['Sample context 81a.', 'Sample context 81b.']",['Sample context 81a.'],0.9849354460098556,0.800878874571919
Sample query 82,Sample response 82,"['Sample context 82a.', 'Sample context 82b.']",['Sample context 82a.'],0.8964984439876784,0.9833859016306901
Sample query 83,Sample response 83,"['Sample context 83a.', 'Sample context 83b.']",['Sample context 83a.'],0.836422254753794,0.8804438266070234
Sample query 84,Sample response 84,"['Sample context 84a.', 'Sample context 84b.']",['Sample context 84a.'],0.8305331909914812,0.9142033700291073
Sample query 85,Sample response 85,"['Sample context 85a.', 'Sample context 85b.']",['Sample context 85a.'],0.9811450637116026,0.976721376091595
Sample query 86,Sample response 86,"['Sample context 86a.', 'Sample context 86b.']",['Sample context 86a.'],0.8072226256638255,0.9215568937335832
Sample query 87,Sample response 87,"['Sample context 87a.', 'Sample context 87b.']",['Sample context 87a.'],0.822296431536142,0.9126050849909655
Sample query 88,Sample response 88,"['Sample context 88a.', 'Sample context 88b.']",['Sample context 88a.'],0.8749873443561378,0.8558998043659214
Sample query 89,Sample response 89,"['Sample context 89a.', 'Sample context 89b.']",['Sample context 89a.'],0.8283516441881372,0.9121811875795071
Sample query 90,Sample response 90,"['Sample context 90a.', 'Sample context 90b.']",['Sample context 90a.'],0.8565525070075638,0.9034003108305719
Sample query 91,Sample response 91,"['Sample context 91a.', 'Sample context 91b.']",['Sample context 91a.'],0.8533742775964442,0.9151822056287163
Sample query 92,Sample response 92,"['Sample context 92a.', 'Sample context 92b.']",['Sample context 92a.'],0.9574068477644894,0.9286203900341299
Sample query 93,Sample response 93,"['Sample context 93a.', 'Sample context 93b.']",['Sample context 93a.'],0.853578498331663,0.8033953665633324
Sample query 94,Sample response 94,"['Sample context 94a.', 'Sample context 94b.']",['Sample context 94a.'],0.9636984678547558,0.9030460932037747
Sample query 95,Sample response 95,"['Sample context 95a.', 'Sample context 95b.']",['Sample context 95a.'],0.9123637739246464,0.9148792889471049
Sample query 96,Sample response 96,"['Sample context 96a.', 'Sample context 96b.']",['Sample context 96a.'],0.9547153153185188,0.9931402855942281
Sample query 97,Sample response 97,"['Sample context 97a.', 'Sample context 97b.']",['Sample context 97a.'],0.9085859275649985,0.991283467341562
